Workbook

Sheet Dashboard
A1: Smart Project Risk Monitor — PM Dashboard
A3: Metric | B3: Value | D3: Risk Level | E3: Count | G3: Project | H3: Overall Risk Level
A4: Total Projects | B4: =COUNTA(Projects!B2:B100) -> 5 | D4: Critical | E4: =COUNTIF('Risk Register'!H2:H100,D4) -> 3 | G4: MFA Rollout | H4: {=XLOOKUP(G4,Projects!B:B,Projects!I:I,"")} -> Critical
A5: Open / Monitoring Risks | B5: =COUNTIF('Risk Register'!N2:N100,"Open")+COUNTIF('Risk Register'!N2:N100,"Monitoring") -> 10 | D5: High | E5: =COUNTIF('Risk Register'!H2:H100,D5) -> 4 | G5: Vulnerability Remediation | H5: {=XLOOKUP(G5,Projects!B:B,Projects!I:I,"")} -> Critical
A6: Critical Risks | B6: =COUNTIF('Risk Register'!H2:H100,"Critical") -> 3 | D6: Medium | E6: =COUNTIF('Risk Register'!H2:H100,D6) -> 3 | G6: Audit Evidence Collection | H6: {=XLOOKUP(G6,Projects!B:B,Projects!I:I,"")} -> Critical
A7: High Risks | B7: =COUNTIF('Risk Register'!H2:H100,"High") -> 4 | D7: Low | E7: =COUNTIF('Risk Register'!H2:H100,D7) -> 0 | G7: Access Control Cleanup | H7: {=XLOOKUP(G7,Projects!B:B,Projects!I:I,"")} -> High
A8: Medium Risks | B8: =COUNTIF('Risk Register'!H2:H100,"Medium") -> 3 | G8: Vendor Security Review | H8: {=XLOOKUP(G8,Projects!B:B,Projects!I:I,"")} -> High
A9: Overdue Risks | B9: =COUNTIFS('Risk Register'!K2:K100,"<0",'Risk Register'!N2:N100,"<>Closed") -> 0
A10: Escalations Needed | B10: =COUNTIF('Risk Register'!M2:M100,"Yes") -> 3
A11: Blocked Tasks | B11: =COUNTIF(Tasks!I2:I100,"Yes") -> 3
A12: Stale Task Updates | B12: =COUNTIF(Tasks!L2:L100,"Yes") -> 5
A15: Risk Category | B15: Count | D15: Project | E15: Open Risks
A16: Delivery | B16: =COUNTIF('Risk Register'!C2:C100,A16) -> 2 | D16: MFA Rollout | E16: =COUNTIFS('Risk Register'!B2:B100,D16,'Risk Register'!N2:N100,"<>Closed") -> 2
A17: Security | B17: =COUNTIF('Risk Register'!C2:C100,A17) -> 2 | D17: Vulnerability Remediation | E17: =COUNTIFS('Risk Register'!B2:B100,D17,'Risk Register'!N2:N100,"<>Closed") -> 2
A18: Compliance | B18: =COUNTIF('Risk Register'!C2:C100,A18) -> 2 | D18: Audit Evidence Collection | E18: =COUNTIFS('Risk Register'!B2:B100,D18,'Risk Register'!N2:N100,"<>Closed") -> 2
A19: Dependency | B19: =COUNTIF('Risk Register'!C2:C100,A19) -> 1 | D19: Access Control Cleanup | E19: =COUNTIFS('Risk Register'!B2:B100,D19,'Risk Register'!N2:N100,"<>Closed") -> 2
A20: Resource | B20: =COUNTIF('Risk Register'!C2:C100,A20) -> 1 | D20: Vendor Security Review | E20: =COUNTIFS('Risk Register'!B2:B100,D20,'Risk Register'!N2:N100,"<>Closed") -> 2
A21: Ownership | B21: =COUNTIF('Risk Register'!C2:C100,A21) -> 1
A22: Communication | B22: =COUNTIF('Risk Register'!C2:C100,A22) -> 1
A25: AI Prompt Starter
A26: You are a Product Manager reviewing a cybersecurity project risk register. Analyze the open risks and tasks. Identify the top risks, explain why they matter, assign an overall risk level, recommend PM next actions, and write a concise stakeholder update. Focus on delivery, compliance, ownership gaps, dependencies, and escalation needs.

Sheet Projects
A1: Project ID | B1: Project Name | C1: Project Owner | D1: Business Goal | E1: Start Date | F1: Target Date | G1: Status | H1: Completion % | I1: Overall Risk Level | J1: Open Risks | K1: Critical Risks | L1: Last Updated | M1: Notes
A2: P-001 | B2: MFA Rollout | C2: Srija Dasgupta | D2: Improve account security before audit deadline | E2: 46204 | F2: 46249 | G2: In Progress | H2: 0.45 | I2: =IF(COUNTIFS('Risk Register'!$B:$B,B2,'Risk Register'!$H:$H,"Critical",'Risk Register'!$N:$N,"<>Closed")>0,"Critical",IF(COUNTIFS('Risk Register'!$B:$B,B2,'Risk Register'!$H:$H,"High",'Risk Register'!$N:$N,"<>Closed")>0,"High",IF(COUNTIFS('Risk Register'!$B:$B,B2,'Risk Register'!$H:$H,"Medium",'Risk Register'!$N:$N,"<>Closed")>0,"Medium","Low"))) -> Critical | J2: =COUNTIFS('Risk Register'!$B:$B,B2,'Risk Register'!$N:$N,"<>Closed",'Risk Register'!$N:$N,"<>") -> 2 | K2: =COUNTIFS('Risk Register'!$B:$B,B2,'Risk Register'!$H:$H,"Critical",'Risk Register'!$N:$N,"<>Closed") -> 1 | L2: 46206 | M2: Focus: adoption, support readiness, stakeholder communication
A3: P-002 | B3: Vulnerability Remediation | C3: Security PM | D3: Close critical/high vulnerabilities before audit | E3: 46193 | F3: 46235 | G3: Blocked | H3: 0.35 | I3: =IF(COUNTIFS('Risk Register'!$B:$B,B3,'Risk Register'!$H:$H,"Critical",'Risk Register'!$N:$N,"<>Closed")>0,"Critical",IF(COUNTIFS('Risk Register'!$B:$B,B3,'Risk Register'!$H:$H,"High",'Risk Register'!$N:$N,"<>Closed")>0,"High",IF(COUNTIFS('Risk Register'!$B:$B,B3,'Risk Register'!$H:$H,"Medium",'Risk Register'!$N:$N,"<>Closed")>0,"Medium","Low"))) -> Critical | J3: =COUNTIFS('Risk Register'!$B:$B,B3,'Risk Register'!$N:$N,"<>Closed",'Risk Register'!$N:$N,"<>") -> 2 | K3: =COUNTIFS('Risk Register'!$B:$B,B3,'Risk Register'!$H:$H,"Critical",'Risk Register'!$N:$N,"<>Closed") -> 1 | L3: 46206 | M3: Focus: ownership, remediation deadline, exception approvals
A4: P-003 | B4: Audit Evidence Collection | C4: Compliance Lead | D4: Prepare evidence package for cybersecurity audit | E4: 46198 | F4: 46231 | G4: In Progress | H4: 0.55 | I4: =IF(COUNTIFS('Risk Register'!$B:$B,B4,'Risk Register'!$H:$H,"Critical",'Risk Register'!$N:$N,"<>Closed")>0,"Critical",IF(COUNTIFS('Risk Register'!$B:$B,B4,'Risk Register'!$H:$H,"High",'Risk Register'!$N:$N,"<>Closed")>0,"High",IF(COUNTIFS('Risk Register'!$B:$B,B4,'Risk Register'!$H:$H,"Medium",'Risk Register'!$N:$N,"<>Closed")>0,"Medium","Low"))) -> Critical | J4: =COUNTIFS('Risk Register'!$B:$B,B4,'Risk Register'!$N:$N,"<>Closed",'Risk Register'!$N:$N,"<>") -> 2 | K4: =COUNTIFS('Risk Register'!$B:$B,B4,'Risk Register'!$H:$H,"Critical",'Risk Register'!$N:$N,"<>Closed") -> 1 | L4: 46206 | M4: Focus: evidence readiness, missing documentation, review signoff
A5: P-004 | B5: Access Control Cleanup | C5: IAM Lead | D5: Remove stale access and validate least privilege controls | E5: 46205 | F5: 46244 | G5: Not Started | H5: 0.1 | I5: =IF(COUNTIFS('Risk Register'!$B:$B,B5,'Risk Register'!$H:$H,"Critical",'Risk Register'!$N:$N,"<>Closed")>0,"Critical",IF(COUNTIFS('Risk Register'!$B:$B,B5,'Risk Register'!$H:$H,"High",'Risk Register'!$N:$N,"<>Closed")>0,"High",IF(COUNTIFS('Risk Register'!$B:$B,B5,'Risk Register'!$H:$H,"Medium",'Risk Register'!$N:$N,"<>Closed")>0,"Medium","Low"))) -> High | J5: =COUNTIFS('Risk Register'!$B:$B,B5,'Risk Register'!$N:$N,"<>Closed",'Risk Register'!$N:$N,"<>") -> 2 | K5: =COUNTIFS('Risk Register'!$B:$B,B5,'Risk Register'!$H:$H,"Critical",'Risk Register'!$N:$N,"<>Closed") -> 0 | L5: 46206 | M5: Focus: missing owners, access review completion
A6: P-005 | B6: Vendor Security Review | C6: Procurement PM | D6: Complete vendor questionnaire and security review | E6: 46204 | F6: 46228 | G6: In Progress | H6: 0.5 | I6: =IF(COUNTIFS('Risk Register'!$B:$B,B6,'Risk Register'!$H:$H,"Critical",'Risk Register'!$N:$N,"<>Closed")>0,"Critical",IF(COUNTIFS('Risk Register'!$B:$B,B6,'Risk Register'!$H:$H,"High",'Risk Register'!$N:$N,"<>Closed")>0,"High",IF(COUNTIFS('Risk Register'!$B:$B,B6,'Risk Register'!$H:$H,"Medium",'Risk Register'!$N:$N,"<>Closed")>0,"Medium","Low"))) -> High | J6: =COUNTIFS('Risk Register'!$B:$B,B6,'Risk Register'!$N:$N,"<>Closed",'Risk Register'!$N:$N,"<>") -> 2 | K6: =COUNTIFS('Risk Register'!$B:$B,B6,'Risk Register'!$H:$H,"Critical",'Risk Register'!$N:$N,"<>Closed") -> 0 | L6: 46206 | M6: Focus: vendor dependency, questionnaire completion, legal review

Sheet Risk Register
A1: Risk ID | B1: Project Name | C1: Risk Category | D1: Risk Description | E1: Impact | F1: Probability | G1: Risk Score | H1: Risk Level | I1: Risk Owner | J1: Due Date | K1: Days Until Due | L1: Mitigation Plan | M1: Escalation Needed? | N1: Status | O1: Last Updated | P1: PM Notes
A2: R-001 | B2: MFA Rollout | C2: Compliance | D2: MFA adoption is below target before audit deadline | E2: 5 | F2: 4 | G2: =E2*F2 -> 20 | H2: =IF(G2>=16,"Critical",IF(G2>=11,"High",IF(G2>=6,"Medium","Low"))) -> Critical | I2: Srija Dasgupta | J2: 46223 | K2: =J2-TODAY() -> 15 | L2: Create adoption tracker, schedule manager reminders, prepare exception process | M2: =IF(OR(H2="Critical",AND(H2="High",K2<=7),K2<0),"Yes","No") -> Yes | N2: Open | O2: 46206 | P2: PM focus: adoption trend and leadership visibility
A3: R-002 | B3: Vulnerability Remediation | C3: Security | D3: Critical vulnerabilities remain unresolved close to remediation deadline | E3: 5 | F3: 5 | G3: =E3*F3 -> 25 | H3: =IF(G3>=16,"Critical",IF(G3>=11,"High",IF(G3>=6,"Medium","Low"))) -> Critical | I3: Security Lead | J3: 46221 | K3: =J3-TODAY() -> 13 | L3: Prioritize critical findings, assign owners, escalate exceptions | M3: =IF(OR(H3="Critical",AND(H3="High",K3<=7),K3<0),"Yes","No") -> Yes | N3: Open | O3: 46206 | P3: PM focus: ownership and time-to-remediate
A4: R-003 | B4: Audit Evidence Collection | C4: Delivery | D4: Audit evidence is spread across multiple teams and not centrally validated | E4: 4 | F4: 4 | G4: =E4*F4 -> 16 | H4: =IF(G4>=16,"Critical",IF(G4>=11,"High",IF(G4>=6,"Medium","Low"))) -> Critical | I4: Compliance Lead | J4: 46220 | K4: =J4-TODAY() -> 12 | L4: Create evidence checklist and central folder; confirm evidence owners | M4: =IF(OR(H4="Critical",AND(H4="High",K4<=7),K4<0),"Yes","No") -> Yes | N4: Monitoring | O4: 46206 | P4: PM focus: readiness and documentation quality
A5: R-004 | B5: Access Control Cleanup | C5: Ownership | D5: Access review has missing business owners for several applications | E5: 4 | F5: 3 | G5: =E5*F5 -> 12 | H5: =IF(G5>=16,"Critical",IF(G5>=11,"High",IF(G5>=6,"Medium","Low"))) -> High | I5: IAM Lead | J5: 46227 | K5: =J5-TODAY() -> 19 | L5: Map application owners and escalate owner gaps to leadership | M5: =IF(OR(H5="Critical",AND(H5="High",K5<=7),K5<0),"Yes","No") -> No | N5: Open | O5: 46206 | P5: PM focus: accountability gaps
A6: R-005 | B6: Vendor Security Review | C6: Dependency | D6: Vendor security questionnaire is incomplete and may delay approval | E6: 3 | F6: 4 | G6: =E6*F6 -> 12 | H6: =IF(G6>=16,"Critical",IF(G6>=11,"High",IF(G6>=6,"Medium","Low"))) -> High | I6: Procurement PM | J6: 46218 | K6: =J6-TODAY() -> 10 | L6: Send follow-up to vendor; define internal deadline and backup approval path | M6: =IF(OR(H6="Critical",AND(H6="High",K6<=7),K6<0),"Yes","No") -> No | N6: Monitoring | O6: 46206 | P6: PM focus: external dependency
A7: R-006 | B7: MFA Rollout | C7: Communication | D7: End-user training materials are not finalized | E7: 3 | F7: 3 | G7: =E7*F7 -> 9 | H7: =IF(G7>=16,"Critical",IF(G7>=11,"High",IF(G7>=6,"Medium","Low"))) -> Medium | I7: Training Lead | J7: 46225 | K7: =J7-TODAY() -> 17 | L7: Finalize FAQ and support scripts; publish launch communication | M7: =IF(OR(H7="Critical",AND(H7="High",K7<=7),K7<0),"Yes","No") -> No | N7: Open | O7: 46206 | P7: PM focus: rollout readiness
A8: R-007 | B8: Vulnerability Remediation | C8: Resource | D8: Security engineers are overloaded with remediation and audit support | E8: 4 | F8: 3 | G8: =E8*F8 -> 12 | H8: =IF(G8>=16,"Critical",IF(G8>=11,"High",IF(G8>=6,"Medium","Low"))) -> High | I8: Security PM | J8: 46224 | K8: =J8-TODAY() -> 16 | L8: Rebalance workload; defer low-risk items; request temporary support | M8: =IF(OR(H8="Critical",AND(H8="High",K8<=7),K8<0),"Yes","No") -> No | N8: Open | O8: 46206 | P8: PM focus: capacity planning
A9: R-008 | B9: Audit Evidence Collection | C9: Compliance | D9: Policy review signoff is pending from legal/compliance stakeholders | E9: 4 | F9: 2 | G9: =E9*F9 -> 8 | H9: =IF(G9>=16,"Critical",IF(G9>=11,"High",IF(G9>=6,"Medium","Low"))) -> Medium | I9: Compliance Lead | J9: 46222 | K9: =J9-TODAY() -> 14 | L9: Schedule signoff review; document open questions and due dates | M9: =IF(OR(H9="Critical",AND(H9="High",K9<=7),K9<0),"Yes","No") -> No | N9: Monitoring | O9: 46206 | P9: PM focus: signoff dependency
A10: R-009 | B10: Access Control Cleanup | C10: Security | D10: Stale privileged accounts may remain active after cleanup deadline | E10: 5 | F10: 3 | G10: =E10*F10 -> 15 | H10: =IF(G10>=16,"Critical",IF(G10>=11,"High",IF(G10>=6,"Medium","Low"))) -> High | I10: IAM Lead | J10: 46233 | K10: =J10-TODAY() -> 25 | L10: Generate privileged account list; review exceptions weekly | M10: =IF(OR(H10="Critical",AND(H10="High",K10<=7),K10<0),"Yes","No") -> No | N10: Open | O10: 46206 | P10: PM focus: control effectiveness
A11: R-010 | B11: Vendor Security Review | C11: Delivery | D11: Legal review may not complete before vendor onboarding decision | E11: 3 | F11: 3 | G11: =E11*F11 -> 9 | H11: =IF(G11>=16,"Critical",IF(G11>=11,"High",IF(G11>=6,"Medium","Low"))) -> Medium | I11: Legal Partner | J11: 46226 | K11: =J11-TODAY() -> 18 | L11: Confirm legal SLA; prepare decision-ready summary for approvers | M11: =IF(OR(H11="Critical",AND(H11="High",K11<=7),K11<0),"Yes","No") -> No | N11: Open | O11: 46206 | P11: PM focus: timeline risk

Sheet Tasks
A1: Task ID | B1: Project Name | C1: Task Name | D1: Task Owner | E1: Priority | F1: Status | G1: Due Date | H1: Days Until Due | I1: Blocked? | J1: Blocker Reason | K1: Last Update | L1: Stale Update? | M1: PM Notes
A2: T-001 | B2: MFA Rollout | C2: Confirm user groups for phased rollout | D2: IAM Lead | E2: High | F2: In Progress | G2: 46213 | H2: =G2-TODAY() -> 5 | I2: No | K2: 46205 | L2: =IF(AND(F2<>"Done",F2<>"Complete",TODAY()-K2>5),"Yes","No") -> No | M2: Needed before comms plan
A3: T-002 | B3: MFA Rollout | C3: Finalize training FAQ | D3: Training Lead | E3: Medium | F3: Blocked | G3: 46215 | H3: =G3-TODAY() -> 7 | I3: Yes | J3: Waiting for help desk support script | K3: 46200 | L3: =IF(AND(F3<>"Done",F3<>"Complete",TODAY()-K3>5),"Yes","No") -> Yes | M3: Escalate in weekly status
A4: T-003 | B4: Vulnerability Remediation | C4: Assign critical vulnerability owners | D4: Security Lead | E4: Critical | F4: Blocked | G4: 46212 | H4: =G4-TODAY() -> 4 | I4: Yes | J4: Application owner list incomplete | K4: 46201 | L4: =IF(AND(F4<>"Done",F4<>"Complete",TODAY()-K4>5),"Yes","No") -> Yes | M4: PM to push ownership mapping
A5: T-004 | B5: Vulnerability Remediation | C5: Validate remediation evidence | D5: Security Analyst | E5: High | F5: Not Started | G5: 46221 | H5: =G5-TODAY() -> 13 | I5: No | K5: 46204 | L5: =IF(AND(F5<>"Done",F5<>"Complete",TODAY()-K5>5),"Yes","No") -> No | M5: Start after fixes complete
A6: T-005 | B6: Audit Evidence Collection | C6: Create audit evidence checklist | D6: Compliance Lead | E6: High | F6: Done | G6: 46208 | H6: =G6-TODAY() -> 0 | I6: No | K6: 46206 | L6: =IF(AND(F6<>"Done",F6<>"Complete",TODAY()-K6>5),"Yes","No") -> No | M6: Template created
A7: T-006 | B7: Audit Evidence Collection | C7: Collect policy review signoffs | D7: Compliance Lead | E7: High | F7: In Progress | G7: 46219 | H7: =G7-TODAY() -> 11 | I7: No | K7: 46202 | L7: =IF(AND(F7<>"Done",F7<>"Complete",TODAY()-K7>5),"Yes","No") -> Yes | M7: Needs legal/compliance signoff
A8: T-007 | B8: Access Control Cleanup | C8: Map app owners for access reviews | D8: IAM Lead | E8: High | F8: Blocked | G8: 46217 | H8: =G8-TODAY() -> 9 | I8: Yes | J8: Missing owner data for legacy apps | K8: 46199 | L8: =IF(AND(F8<>"Done",F8<>"Complete",TODAY()-K8>5),"Yes","No") -> Yes | M8: Potential escalation
A9: T-008 | B9: Access Control Cleanup | C9: Review privileged accounts | D9: IAM Analyst | E9: Critical | F9: Not Started | G9: 46225 | H9: =G9-TODAY() -> 17 | I9: No | K9: 46205 | L9: =IF(AND(F9<>"Done",F9<>"Complete",TODAY()-K9>5),"Yes","No") -> No | M9: High audit impact
A10: T-009 | B10: Vendor Security Review | C10: Send vendor questionnaire follow-up | D10: Procurement PM | E10: Medium | F10: In Progress | G10: 46211 | H10: =G10-TODAY() -> 3 | I10: No | K10: 46206 | L10: =IF(AND(F10<>"Done",F10<>"Complete",TODAY()-K10>5),"Yes","No") -> No | M10: Vendor dependency
A11: T-010 | B11: Vendor Security Review | C11: Prepare vendor risk decision memo | D11: Procurement PM | E11: Medium | F11: Not Started | G11: 46223 | H11: =G11-TODAY() -> 15 | I11: No | K11: 46198 | L11: =IF(AND(F11<>"Done",F11<>"Complete",TODAY()-K11>5),"Yes","No") -> Yes | M11: Use if questionnaire is late

Sheet Stakeholder Updates
A1: Update ID | B1: Date | C1: Project Name | D1: Audience | E1: Update Type | F1: Summary | G1: Key Risks | H1: Decisions Needed | I1: Action Items | J1: Owner | K1: Due Date | L1: Status
A2: U-001 | B2: 46206 | C2: MFA Rollout | D2: Leadership | E2: Weekly Status | F2: Rollout is progressing but adoption is below the audit readiness target. | G2: Adoption below target; training not finalized | H2: Confirm whether exceptions need leadership approval | I2: Finalize FAQ and publish manager reminder | J2: Srija Dasgupta | K2: 46213 | L2: Open
A3: U-002 | B3: 46206 | C3: Vulnerability Remediation | D3: Security Team | E3: Risk Escalation | F3: Critical remediation items are at risk due to owner gaps and capacity issues. | G3: Critical findings unresolved; overloaded engineers | H3: Decide if low-risk work can be deferred | I3: Assign owners and confirm remediation timeline | J3: Security PM | K3: 46211 | L3: Open
A4: U-003 | B4: 46206 | C4: Audit Evidence Collection | D4: Compliance Team | E4: Audit Update | F4: Evidence checklist is created; signoff and centralized validation remain pending. | G4: Evidence scattered; signoff dependency | H4: Confirm signoff owners | I4: Collect missing evidence and schedule signoff review | J4: Compliance Lead | K4: 46215 | L4: Monitoring

Sheet AI Risk Summary
A1: Summary ID | B1: Date Generated | C1: Project Name | D1: Overall Project Health | E1: Top Risks | F1: Risk Level | G1: Why It Matters | H1: Recommended PM Actions | I1: Escalation Recommendation | J1: Stakeholder Summary | K1: Generated By | L1: Notes
A2: AI-001 | B2: 46206 | C2: Vulnerability Remediation | D2: At Risk | E2: Critical vulnerabilities remain unresolved; owner mapping is incomplete; security team capacity is constrained. | F2: Critical | G2: Audit readiness and remediation deadlines may be missed if ownership is not resolved quickly. | H2: Escalate owner gaps, prioritize critical findings, document exceptions, and confirm revised remediation dates. | I2: Escalate to Security Leadership this week. | J2: Vulnerability remediation is currently Critical due to unresolved findings and ownership gaps. PM action is needed to confirm owners and remediation dates. | K2: Manual ChatGPT | L2: Sample PM-style AI summary
A3: AI-002 | B3: 46206 | C3: MFA Rollout | D3: Watch Closely | E3: Adoption is below target and training materials are not finalized. | F3: High | G3: Low adoption could create audit exceptions and support burden during rollout. | H3: Publish FAQ, send manager reminders, track adoption by group, and define exception process. | I3: Escalate if adoption does not improve by next checkpoint. | J3: MFA rollout is High risk due to adoption and communication readiness gaps. | K3: Manual ChatGPT | L3: Sample PM-style AI summary

Sheet Lists
A1: Status | B1: Priority | C1: Risk Level | D1: Risk Category | E1: Audience | F1: Update Type | G1: Generated By | H1: Yes/No
A2: Not Started | B2: Low | C2: Low | D2: Delivery | E2: Leadership | F2: Weekly Status | G2: Manual ChatGPT | H2: Yes
A3: In Progress | B3: Medium | C3: Medium | D3: Security | E3: Engineering | F3: Risk Escalation | G3: OpenAI API | H3: No
A4: Blocked | B4: High | C4: High | D4: Compliance | E4: Security Team | F4: Decision Request | G4: Google Apps Script
A5: Complete | B5: Critical | C5: Critical | D5: Dependency | E5: Compliance Team | F5: Executive Summary | G5: Make.com
A6: Done | D6: Resource | E6: Vendor | F6: Audit Update
A7: Open | D7: Ownership | E7: Cross-functional Team
A8: Monitoring | D8: Communication
A9: Mitigated
A10: Closed
